Frame,Keypoint,X,Y,Confidence
1,Nose,778.5922622680664,318.4620988368988,0.9994702935218811
1,Left Eye,780.8371925354004,308.00479888916016,0.9982348680496216
1,Right Eye,780.5670547485352,307.43632078170776,0.9977763295173645
1,Left Ear,780.2071380615234,306.6425371170044,0.9987253546714783
1,Right Ear,779.0820693969727,306.5749454498291,0.999152421951294
1,Left Shoulder,740.2326393127441,339.5625436306,0.999276340007782
1,Right Shoulder,727.7337455749512,324.7255289554596,0.9999886751174927
1,Left Elbow,731.5134429931641,413.95267724990845,0.02957904525101185
1,Right Elbow,721.5148544311523,409.45029973983765,0.9894673228263855
1,Left Wrist,745.3938102722168,487.457617521286,0.05871441215276718
1,Right Wrist,754.7870063781738,488.9793312549591,0.9673430919647217
1,Left Hip,719.9508476257324,491.90051436424255,0.9962319731712341
1,Right Hip,721.0969734191895,488.0768859386444,0.997984766960144
1,Left Knee,699.3728828430176,596.285834312439,0.20553994178771973
1,Right Knee,747.0990943908691,599.6199703216553,0.9328397512435913
1,Left Ankle,610.3772735595703,673.1352424621582,0.30725428462028503
1,Right Ankle,616.3607025146484,677.2063851356506,0.917872965335846
2,Nose,792.7789306640625,319.68344807624817,0.9994153380393982
2,Left Eye,794.7391891479492,309.16126012802124,0.9980826377868652
2,Right Eye,794.2218589782715,308.5275399684906,0.9976016879081726
2,Left Ear,793.5371589660645,307.66944766044617,0.9985936284065247
2,Right Ear,793.5253715515137,307.7516198158264,0.9990875720977783
2,Left Shoulder,749.3343544006348,339.38249230384827,0.9993061423301697
2,Right Shoulder,740.10498046875,326.66788816452026,0.9999884366989136
2,Left Elbow,747.114143371582,413.9368414878845,0.03113185428082943
2,Right Elbow,735.9469985961914,412.77146458625793,0.9892710447311401
2,Left Wrist,758.9985466003418,487.4514377117157,0.060545701533555984
2,Right Wrist,769.0390205383301,492.22920298576355,0.9661081433296204
2,Left Hip,733.7954521179199,491.9456076622009,0.9964881539344788
2,Right Hip,731.4336204528809,488.5183560848236,0.9980930685997009
2,Left Knee,710.8543968200684,596.3159608840942,0.20584121346473694
2,Right Knee,758.0624771118164,602.5555729866028,0.9343956708908081
2,Left Ankle,611.5155029296875,671.3383340835571,0.31518712639808655
2,Right Ankle,617.6790046691895,667.9118227958679,0.922383725643158
3,Nose,813.2168769836426,321.5081977844238,0.9993789792060852
3,Left Eye,815.2109527587891,311.64615511894226,0.997989296913147
3,Right Eye,814.910831451416,311.10780358314514,0.9975028038024902
3,Left Ear,814.4656562805176,310.39677143096924,0.9984787702560425
3,Right Ear,813.6141014099121,310.24665355682373,0.9990618824958801
3,Left Shoulder,774.3863296508789,345.10345101356506,0.9992984533309937
3,Right Shoulder,761.6012763977051,329.9855124950409,0.9999883770942688
3,Left Elbow,770.1847457885742,417.36286997795105,0.03213197737932205
3,Right Elbow,749.1438674926758,412.89103746414185,0.9891474843025208
3,Left Wrist,784.6908187866211,487.13250160217285,0.06235053762793541
3,Right Wrist,788.9729118347168,492.62168526649475,0.966036856174469
3,Left Hip,753.6304092407227,495.1128888130188,0.9967291951179504
3,Right Hip,750.8446884155273,493.260555267334,0.9982202649116516
3,Left Knee,738.0666732788086,597.7973127365112,0.2166818529367447
3,Right Knee,776.1518096923828,607.7414631843567,0.9392558932304382
3,Left Ankle,654.4472122192383,651.3553404808044,0.3361726999282837
3,Right Ankle,652.7332305908203,648.2515954971313,0.9269419312477112
4,Nose,833.9951133728027,327.53496050834656,0.999366044998169
4,Left Eye,835.8330917358398,318.65357637405396,0.9979928731918335
4,Right Eye,835.9473037719727,318.34091663360596,0.9975189566612244
4,Left Ear,835.9910202026367,317.9134154319763,0.9984369874000549
4,Right Ear,833.6652946472168,317.68823862075806,0.9990827441215515
4,Left Shoulder,796.3227081298828,353.43302965164185,0.9992865324020386
4,Right Shoulder,785.8513069152832,341.87170028686523,0.9999885559082031
4,Left Elbow,792.0250511169434,427.2890603542328,0.033648695796728134
4,Right Elbow,778.8443183898926,425.5621576309204,0.9894038438796997
4,Left Wrist,802.661018371582,493.29071402549744,0.0654456838965416
4,Right Wrist,817.1824836730957,503.033344745636,0.9665122628211975
4,Left Hip,772.8255271911621,503.5218393802643,0.997003972530365
4,Right Hip,770.0780296325684,505.6186294555664,0.9983730912208557
4,Left Knee,757.3820686340332,598.4147787094116,0.24990837275981903
4,Right Knee,791.3932228088379,617.9542422294617,0.9447983503341675
4,Left Ankle,675.4340171813965,638.271074295044,0.37456950545310974
4,Right Ankle,671.6540336608887,639.3983101844788,0.9316704869270325
5,Nose,857.1251106262207,338.3518159389496,0.9993688464164734
5,Left Eye,858.8135719299316,329.18854236602783,0.9980576038360596
5,Right Eye,858.7347793579102,328.8281500339508,0.9976109266281128
5,Left Ear,858.6054039001465,328.37950229644775,0.9984692335128784
5,Right Ear,857.4129867553711,328.45073103904724,0.9991216063499451
5,Left Shoulder,815.3058815002441,359.1364789009094,0.9992923140525818
5,Right Shoulder,811.4260482788086,353.2582890987396,0.9999887347221375
5,Left Elbow,808.5522079467773,434.78729367256165,0.03321437910199165
5,Right Elbow,803.1031608581543,439.8084855079651,0.989772617816925
5,Left Wrist,815.8074760437012,498.25648069381714,0.06440796703100204
5,Right Wrist,841.5849494934082,512.0501697063446,0.9670239090919495
5,Left Hip,787.7167510986328,512.7876591682434,0.9972679615020752
5,Right Hip,789.3336868286133,515.5104446411133,0.9985148906707764
5,Left Knee,760.9481048583984,607.4233317375183,0.27763402462005615
5,Right Knee,801.5389251708984,629.5133829116821,0.9493811130523682
5,Left Ankle,667.1789360046387,643.7093710899353,0.4204424023628235
5,Right Ankle,682.126636505127,640.8974933624268,0.9354066848754883
6,Nose,883.3522796630859,352.0698344707489,0.9993945360183716
6,Left Eye,884.9211502075195,342.48823285102844,0.9981916546821594
6,Right Eye,884.62646484375,342.109751701355,0.9977797269821167
6,Left Ear,884.2837715148926,341.65547132492065,0.9985651969909668
6,Right Ear,883.6818695068359,341.8282163143158,0.9991852045059204
6,Left Shoulder,840.5899429321289,372.86943197250366,0.9992938041687012
6,Right Shoulder,836.7945671081543,370.97567439079285,0.9999886751174927
6,Left Elbow,825.6127166748047,448.4757328033447,0.03249664604663849
6,Right Elbow,824.6276664733887,458.2212281227112,0.9898965954780579
6,Left Wrist,837.5824356079102,513.7482976913452,0.06179118528962135
6,Right Wrist,867.136058807373,520.5228173732758,0.9632561206817627
6,Left Hip,805.3682327270508,525.6113433837891,0.997522234916687
6,Right Hip,806.6596412658691,527.7793622016907,0.9986496567726135
6,Left Knee,756.306095123291,613.0250716209412,0.31785762310028076
6,Right Knee,814.258918762207,638.36834192276,0.9525082111358643
6,Left Ankle,654.8710441589355,647.8779101371765,0.46955350041389465
6,Right Ankle,739.1072845458984,626.7262887954712,0.9265119433403015
7,Nose,909.8282432556152,367.7976107597351,0.9993392825126648
7,Left Eye,911.6432762145996,358.11758279800415,0.998193621635437
7,Right Eye,911.3984298706055,357.6600515842438,0.9978033304214478
7,Left Ear,911.1503219604492,357.1305191516876,0.9985435605049133
7,Right Ear,910.5710220336914,357.3354506492615,0.999187707901001
7,Left Shoulder,867.0729446411133,388.053674697876,0.9992870688438416
7,Right Shoulder,863.9267921447754,382.26019978523254,0.999987781047821
7,Left Elbow,855.0210571289062,465.8631420135498,0.0323583260178566
7,Right Elbow,846.6909599304199,464.0658473968506,0.9897316098213196
7,Left Wrist,874.1704559326172,521.3884735107422,0.061210546642541885
7,Right Wrist,892.272834777832,526.6228687763214,0.9593070149421692
7,Left Hip,819.9745559692383,534.8446547985077,0.9977205991744995
7,Right Hip,823.0204010009766,538.1709694862366,0.9987528324127197
7,Left Knee,762.6842308044434,616.6242957115173,0.34237170219421387
7,Right Knee,819.6819305419922,649.1148376464844,0.9557566046714783
7,Left Ankle,669.3370628356934,645.1650381088257,0.5085203051567078
7,Right Ankle,734.765510559082,634.7041654586792,0.9229522943496704
8,Nose,938.2880401611328,392.7274453639984,0.9993451237678528
8,Left Eye,941.2806129455566,382.2977292537689,0.9982450604438782
8,Right Eye,940.9209251403809,381.4451730251312,0.9978838562965393
8,Left Ear,940.473804473877,380.4564678668976,0.9985866546630859
8,Right Ear,940.1654434204102,381.70562624931335,0.9992125034332275
8,Left Shoulder,903.3266830444336,405.16653299331665,0.9993494153022766
8,Right Shoulder,884.5048141479492,396.69227600097656,0.9999876022338867
8,Left Elbow,906.8411064147949,480.1927363872528,0.06322070956230164
8,Right Elbow,881.323127746582,484.072208404541,0.9903348088264465
8,Left Wrist,929.4516563415527,537.4052846431732,0.11115671694278717
8,Right Wrist,926.6524887084961,546.5503406524658,0.9623716473579407
8,Left Hip,847.9146766662598,545.4466652870178,0.9978954195976257
8,Right Hip,836.5533256530762,544.2488121986389,0.9988436102867126
8,Left Knee,801.976432800293,628.3184909820557,0.3557877540588379
8,Right Knee,811.7338371276855,648.9691615104675,0.9585645198822021
8,Left Ankle,698.4591865539551,639.8885107040405,0.5132282972335815
8,Right Ankle,700.6911277770996,639.8472476005554,0.9271134734153748
9,Nose,970.9764862060547,415.6371259689331,0.9992968440055847
9,Left Eye,974.1217803955078,405.30580401420593,0.9982555508613586
9,Right Eye,973.3753967285156,404.5710504055023,0.9979084730148315
9,Left Ear,972.5080490112305,403.71736764907837,0.9985896944999695
9,Right Ear,973.4825134277344,404.7866356372833,0.999204695224762
9,Left Shoulder,919.9060821533203,425.06619572639465,0.999387264251709
9,Right Shoulder,918.9688682556152,420.9135890007019,0.99998539686203
9,Left Elbow,908.2820320129395,500.54452300071716,0.06535543501377106
9,Right Elbow,916.5828323364258,501.89149618148804,0.9904325604438782
9,Left Wrist,954.8340797424316,552.5132775306702,0.1281864196062088
9,Right Wrist,973.0878067016602,553.4889149665833,0.9639044404029846
9,Left Hip,851.6106033325195,560.9167885780334,0.9980008006095886
9,Right Hip,855.5009651184082,564.1692352294922,0.9988653659820557
9,Left Knee,781.1870956420898,629.6015739440918,0.36030882596969604
9,Right Knee,809.3510627746582,671.2495636940002,0.9608199596405029
9,Left Ankle,682.159538269043,641.3507437705994,0.5294079780578613
9,Right Ankle,692.1031379699707,642.2994089126587,0.9303411245346069
10,Nose,1001.6608428955078,445.7555866241455,0.9989109039306641
10,Left Eye,1006.2226867675781,435.556036233902,0.9977745413780212
10,Right Eye,1005.5561828613281,434.43304896354675,0.9973699450492859
10,Left Ear,1004.7571563720703,433.1029736995697,0.9981825947761536
10,Right Ear,1006.164665222168,435.19139528274536,0.9989632964134216
10,Left Shoulder,952.7339744567871,450.4938590526581,0.9993943572044373
10,Right Shoulder,951.0421371459961,445.1678931713104,0.9999812245368958
10,Left Elbow,948.2818794250488,524.139711856842,0.06301839649677277
10,Right Elbow,959.1732215881348,525.0557398796082,0.9894113540649414
10,Left Wrist,995.8281326293945,567.7225613594055,0.12959448993206024
10,Right Wrist,1013.2701873779297,564.591908454895,0.9628265500068665
10,Left Hip,875.6194496154785,579.48486328125,0.9978967905044556
10,Right Hip,870.9954071044922,585.3843927383423,0.9987878799438477
10,Left Knee,790.2020645141602,631.8906784057617,0.34587669372558594
10,Right Knee,806.4098167419434,653.7768602371216,0.9615543484687805
10,Left Ankle,695.7124900817871,633.9471387863159,0.5242791175842285
10,Right Ankle,685.0507164001465,642.9180979728699,0.9344409704208374
11,Nose,1037.7385711669922,477.052845954895,0.9985649585723877
11,Left Eye,1041.7811965942383,467.22434163093567,0.9974017143249512
11,Right Eye,1041.1384963989258,466.13598704338074,0.997010350227356
11,Left Ear,1040.485954284668,464.898898601532,0.9979383945465088
11,Right Ear,1042.063980102539,467.04142570495605,0.9987264275550842
11,Left Shoulder,983.6339950561523,479.41494941711426,0.9993863105773926
11,Right Shoulder,982.8709030151367,467.1250784397125,0.9999645948410034
11,Left Elbow,991.3140106201172,555.2374792098999,0.0660129189491272
11,Right Elbow,998.3468627929688,554.9717473983765,0.9886246919631958
11,Left Wrist,1050.2505111694336,574.3809199333191,0.15304645895957947
11,Right Wrist,1066.7040252685547,572.9248666763306,0.9631053805351257
11,Left Hip,893.6160850524902,592.1337103843689,0.9976192116737366
11,Right Hip,886.4251327514648,600.826256275177,0.9984959363937378
11,Left Knee,792.0032501220703,634.7621655464172,0.3337007164955139
11,Right Knee,800.8751678466797,649.7357797622681,0.9601779580116272
11,Left Ankle,686.8401145935059,637.5314927101135,0.5176631808280945
11,Right Ankle,684.3534278869629,643.7699460983276,0.9382268190383911
12,Nose,1070.969467163086,515.6229364871979,0.9982324838638306
12,Left Eye,1077.3822784423828,505.42142271995544,0.99686598777771
12,Right Eye,1077.0073699951172,504.16289806365967,0.9963935017585754
12,Left Ear,1076.5288925170898,502.7818715572357,0.9975990653038025
12,Right Ear,1077.0914840698242,505.0817906856537,0.9984546899795532
12,Left Shoulder,1020.5812454223633,497.11089849472046,0.9993544220924377
12,Right Shoulder,1011.8070602416992,505.536972284317,0.9999333024024963
12,Left Elbow,1034.8036193847656,555.3382873535156,0.07325685769319534
12,Right Elbow,1045.341796875,589.0304160118103,0.9889472723007202
12,Left Wrist,1086.0961532592773,582.8680515289307,0.174863800406456
12,Right Wrist,1111.77978515625,603.6300873756409,0.9651196002960205
12,Left Hip,926.3301658630371,599.4182252883911,0.9970799088478088
12,Right Hip,907.6212501525879,608.5371780395508,0.9978801608085632
12,Left Knee,812.9760360717773,636.1038279533386,0.33166855573654175
12,Right Knee,802.5202560424805,649.7157597541809,0.9588989615440369
12,Left Ankle,699.2919731140137,633.8042950630188,0.5101915597915649
12,Right Ankle,684.0238380432129,640.4388356208801,0.9414296746253967
13,Nose,1108.7309646606445,554.7414207458496,0.998108983039856
13,Left Eye,1114.698486328125,545.9304928779602,0.9966760277748108
13,Right Eye,1114.3080139160156,544.7847175598145,0.9962469339370728
13,Left Ear,1113.7771224975586,543.5931730270386,0.9975207448005676
13,Right Ear,1115.0188064575195,546.3533592224121,0.9982914328575134
13,Left Shoulder,1043.287467956543,529.89617228508,0.9993611574172974
13,Right Shoulder,1054.6282196044922,534.8194527626038,0.9999105334281921
13,Left Elbow,1059.3852996826172,607.0425009727478,0.08038826286792755
13,Right Elbow,1083.0233001708984,621.3095569610596,0.9892737865447998
13,Left Wrist,1110.8556747436523,632.1540284156799,0.19270892441272736
13,Right Wrist,1152.5778579711914,640.0273633003235,0.9671528935432434
13,Left Hip,936.0605049133301,615.5190110206604,0.9968717098236084
13,Right Hip,930.9968948364258,624.049916267395,0.9973428845405579
13,Left Knee,817.0711326599121,639.2064142227173,0.32518312335014343
13,Right Knee,809.6686363220215,648.5688257217407,0.9577076435089111
13,Left Ankle,704.0488815307617,623.6979246139526,0.5034765005111694
13,Right Ankle,689.7837066650391,627.2778367996216,0.9442635178565979
14,Nose,1130.6098937988281,601.1987829208374,0.9980689883232117
14,Left Eye,1138.8914108276367,593.7245607376099,0.9967091679573059
14,Right Eye,1138.700180053711,592.337965965271,0.9963036775588989
14,Left Ear,1138.428726196289,590.89839220047,0.9975508451461792
14,Right Ear,1139.3768692016602,593.8570404052734,0.9982727766036987
14,Left Shoulder,1078.9595031738281,561.9217801094055,0.9993480443954468
14,Right Shoulder,1095.0432586669922,567.7179265022278,0.9998552203178406
14,Left Elbow,1086.6593170166016,617.1193885803223,0.08030077069997787
14,Right Elbow,1090.550422668457,637.352020740509,0.9866846203804016
14,Left Wrist,1135.8625030517578,630.967698097229,0.1869903951883316
14,Right Wrist,1136.029930114746,630.6149983406067,0.9504656791687012
14,Left Hip,950.6609916687012,633.1856060028076,0.9969990253448486
14,Right Hip,950.1626014709473,641.464684009552,0.9971709251403809
14,Left Knee,829.4210815429688,639.3909072875977,0.3389890789985657
14,Right Knee,820.2925872802734,647.0784616470337,0.9551594257354736
14,Left Ankle,715.9016990661621,605.4461789131165,0.50130695104599
14,Right Ankle,706.7118644714355,605.4326605796814,0.9457398653030396
15,Nose,1158.669776916504,641.9787669181824,0.998005747795105
15,Left Eye,1166.433334350586,635.4203796386719,0.9968029260635376
15,Right Eye,1166.42578125,634.091784954071,0.9963984489440918
15,Left Ear,1166.436538696289,632.654721736908,0.9976457953453064
15,Right Ear,1166.436538696289,635.9780430793762,0.9982932806015015
15,Left Shoulder,1100.4742813110352,594.8948621749878,0.9992959499359131
15,Right Shoulder,1115.229377746582,602.6064276695251,0.999721348285675
15,Left Elbow,1081.852684020996,616.5373277664185,0.07695629447698593
15,Right Elbow,1082.3167419433594,640.665557384491,0.9658713936805725
15,Left Wrist,1123.1496047973633,641.2929368019104,0.1709870994091034
15,Right Wrist,1139.9235534667969,639.7048544883728,0.9146265387535095
15,Left Hip,961.2007141113281,636.5810251235962,0.997170090675354
15,Right Hip,960.5500030517578,641.6260671615601,0.9972322583198547
15,Left Knee,840.5793571472168,638.6947774887085,0.34182214736938477
15,Right Knee,835.1523971557617,644.6463203430176,0.9425698518753052
15,Left Ankle,733.7139701843262,582.0830869674683,0.4876679480075836
15,Right Ankle,729.1650581359863,580.0292658805847,0.9439868330955505
16,Nose,1139.8347473144531,657.336688041687,0.99773770570755
16,Left Eye,1149.8376846313477,652.9010653495789,0.9966646432876587
16,Right Eye,1151.0735321044922,651.2759041786194,0.9960655570030212
16,Left Ear,1152.2080993652344,649.7410583496094,0.9975496530532837
16,Right Ear,1150.0520324707031,653.2563400268555,0.9981718063354492
16,Left Shoulder,1111.1559677124023,607.6385951042175,0.9991770386695862
16,Right Shoulder,1130.0457000732422,619.0439486503601,0.9995647072792053
16,Left Elbow,1121.0877227783203,618.2764291763306,0.07862922549247742
16,Right Elbow,1145.881004333496,630.7826256752014,0.9556458592414856
16,Left Wrist,1152.264404296875,639.8495006561279,0.15896466374397278
16,Right Wrist,1170.0782775878906,652.2240543365479,0.8642127513885498
16,Left Hip,964.7333908081055,636.1457347869873,0.9973137378692627
16,Right Hip,969.254150390625,640.7726740837097,0.9972478151321411
16,Left Knee,850.1259613037109,637.1098494529724,0.338947594165802
16,Right Knee,846.8378448486328,636.4439749717712,0.9319444894790649
16,Left Ankle,755.1163101196289,562.4762892723083,0.4701506495475769
16,Right Ankle,749.5503616333008,557.4582839012146,0.9439705014228821
17,Nose,1151.6100311279297,661.3547229766846,0.996751606464386
17,Left Eye,1162.734489440918,655.1407313346863,0.995862603187561
17,Right Eye,1163.4856796264648,652.9027390480042,0.9949542284011841
17,Left Ear,1164.294204711914,650.4587531089783,0.9970158934593201
17,Right Ear,1162.6080322265625,656.7821788787842,0.9975714683532715
17,Left Shoulder,1116.7908096313477,609.9819016456604,0.9986982941627502
17,Right Shoulder,1132.5129318237305,627.4862122535706,0.9989799857139587
17,Left Elbow,1108.2997512817383,615.4307556152344,0.07262790203094482
17,Right Elbow,1147.1843719482422,624.8126721382141,0.9214974641799927
17,Left Wrist,1119.9404525756836,635.337917804718,0.14368146657943726
17,Right Wrist,1183.912582397461,652.5157284736633,0.7979280352592468
17,Left Hip,965.4777145385742,630.3196549415588,0.9973500370979309
17,Right Hip,968.5964584350586,636.0948801040649,0.9971993565559387
17,Left Knee,855.1405906677246,635.6629371643066,0.32469579577445984
17,Right Knee,853.5300636291504,631.8251466751099,0.9232932925224304
17,Left Ankle,773.9380073547363,547.7955722808838,0.4527508616447449
17,Right Ankle,768.9710426330566,541.8616676330566,0.9450663924217224
18,Nose,1162.9974746704102,648.169584274292,0.9968550801277161
18,Left Eye,1171.8778610229492,643.2222604751587,0.996046245098114
18,Right Eye,1172.285041809082,641.1809921264648,0.995116114616394
18,Left Ear,1172.7260971069336,639.1694641113281,0.9971235394477844
18,Right Ear,1172.1655654907227,646.5770602226257,0.9976736903190613
18,Left Shoulder,1124.6545028686523,602.5130224227905,0.9985716938972473
18,Right Shoulder,1134.235954284668,622.720034122467,0.9989348649978638
18,Left Elbow,1148.9292526245117,596.3446712493896,0.06887295842170715
18,Right Elbow,1154.4081115722656,621.9827055931091,0.9151224493980408
18,Left Wrist,1168.0583953857422,625.9120988845825,0.13272452354431152
18,Right Wrist,1165.532112121582,635.5363154411316,0.7903388738632202
18,Left Hip,968.272590637207,625.1209545135498,0.9975467324256897
18,Right Hip,967.7824401855469,630.3438591957092,0.9973915815353394
18,Left Knee,860.1698112487793,620.442259311676,0.3414505124092102
18,Right Knee,856.0572624206543,619.3535828590393,0.9245834946632385
18,Left Ankle,784.1875076293945,539.4798016548157,0.45495501160621643
18,Right Ankle,776.5215682983398,532.1136939525604,0.949094831943512
19,Nose,1165.4597854614258,647.0594072341919,0.9970138072967529
19,Left Eye,1175.5381393432617,642.1928715705872,0.9962711930274963
19,Right Eye,1176.0511779785156,640.626482963562,0.9953481554985046
19,Left Ear,1176.6563415527344,638.8815879821777,0.9972711801528931
19,Right Ear,1175.456314086914,643.2458209991455,0.9977958798408508
19,Left Shoulder,1125.545425415039,597.3518514633179,0.9983958005905151
19,Right Shoulder,1132.0357131958008,612.5698900222778,0.9988720417022705
19,Left Elbow,1155.497932434082,592.449460029602,0.06370073556900024
19,Right Elbow,1137.4131774902344,609.0913653373718,0.910405158996582
19,Left Wrist,1169.699592590332,617.2565031051636,0.12069519609212875
19,Right Wrist,1162.9417419433594,627.1429753303528,0.7751786708831787
19,Left Hip,967.1234893798828,619.5840382575989,0.9976986050605774
19,Right Hip,966.016960144043,625.7455015182495,0.9975314140319824
19,Left Knee,856.5520477294922,605.5784010887146,0.3395324945449829
19,Right Knee,850.766429901123,607.2994780540466,0.9220829606056213
19,Left Ankle,784.4244003295898,528.9822363853455,0.4414052367210388
19,Right Ankle,775.5516242980957,523.428647518158,0.9515329003334045
20,Nose,1166.3805770874023,645.2208495140076,0.9971231818199158
20,Left Eye,1176.954231262207,640.7638549804688,0.9963890910148621
20,Right Eye,1177.510643005371,639.4292736053467,0.9954159259796143
20,Left Ear,1178.1843566894531,637.8668761253357,0.9973442554473877
20,Right Ear,1176.8046569824219,641.1870431900024,0.9978746175765991
20,Left Shoulder,1126.6318130493164,594.0086388587952,0.9983099699020386
20,Right Shoulder,1131.763801574707,603.0576181411743,0.9988483786582947
20,Left Elbow,1142.9975509643555,596.1717009544373,0.059617552906274796
20,Right Elbow,1116.4906311035156,614.3812823295593,0.9092593789100647
20,Left Wrist,1168.5638809204102,613.4354496002197,0.11074919998645782
20,Right Wrist,1165.4790115356445,623.5755515098572,0.7715834379196167
20,Left Hip,969.6567535400391,616.7092680931091,0.9978194236755371
20,Right Hip,971.0808563232422,621.7583012580872,0.9976261258125305
20,Left Knee,856.5103340148926,604.1223478317261,0.3337951898574829
20,Right Knee,852.608814239502,604.7790169715881,0.911310076713562
20,Left Ankle,779.7897720336914,525.0407087802887,0.42083489894866943
20,Right Ankle,773.6782836914062,520.1219987869263,0.9483863115310669
21,Nose,1167.1026992797852,642.1219325065613,0.9964652061462402
21,Left Eye,1177.3006439208984,638.6546087265015,0.9953367114067078
21,Right Eye,1177.8143692016602,637.4459409713745,0.9938504695892334
21,Left Ear,1178.382225036621,636.0254859924316,0.9965184330940247
21,Right Ear,1177.133674621582,638.6237740516663,0.997283399105072
21,Left Shoulder,1127.0244598388672,599.034948348999,0.998176097869873
21,Right Shoulder,1128.113021850586,591.2933206558228,0.9988431334495544
21,Left Elbow,1111.3507461547852,620.3920483589172,0.056484464555978775
21,Right Elbow,1096.523094177246,627.1982717514038,0.91323322057724
21,Left Wrist,1147.3728561401367,617.9521179199219,0.1047135666012764
21,Right Wrist,1159.7224044799805,633.531482219696,0.7879270315170288
21,Left Hip,972.0720291137695,617.5641417503357,0.997843861579895
21,Right Hip,974.6395111083984,619.4308948516846,0.997592568397522
21,Left Knee,858.7886810302734,605.08948802948,0.3325505554676056
21,Right Knee,856.4400100708008,605.3694462776184,0.897190511226654
21,Left Ankle,777.9096794128418,533.1572127342224,0.4089023768901825
21,Right Ankle,771.9517135620117,525.9247434139252,0.9432106614112854
22,Nose,1163.8916015625,641.0085368156433,0.9963244199752808
22,Left Eye,1174.0700912475586,638.6389660835266,0.9950932860374451
22,Right Eye,1174.6342849731445,637.7060723304749,0.9934252500534058
22,Left Ear,1175.3184127807617,636.557207107544,0.9962952733039856
22,Right Ear,1173.9830017089844,638.3310055732727,0.9971298575401306
22,Left Shoulder,1126.069564819336,599.0714478492737,0.9980841875076294
22,Right Shoulder,1126.2736129760742,586.899733543396,0.9988768696784973
22,Left Elbow,1105.663719177246,626.8075275421143,0.05529728904366493
22,Right Elbow,1089.4892120361328,628.6446690559387,0.9173970222473145
22,Left Wrist,1141.2253189086914,623.9231657981873,0.10495781153440475
22,Right Wrist,1153.1960678100586,638.0247187614441,0.803244948387146
22,Left Hip,970.9648132324219,617.5430274009705,0.9979128241539001
22,Right Hip,973.5651397705078,615.4160141944885,0.9976295232772827
22,Left Knee,856.4187812805176,605.6390404701233,0.3374576270580292
22,Right Knee,854.5871543884277,606.1728858947754,0.8841435313224792
22,Left Ankle,769.5384979248047,541.0710382461548,0.4006272554397583
22,Right Ankle,765.750560760498,535.5263006687164,0.9322843551635742
23,Nose,1162.8721618652344,643.0292701721191,0.996333122253418
23,Left Eye,1172.9058837890625,640.303008556366,0.9950494766235352
23,Right Eye,1173.471450805664,639.3919372558594,0.993302047252655
23,Left Ear,1174.1356658935547,638.2840132713318,0.996222734451294
23,Right Ear,1172.7216339111328,639.7174715995789,0.9971060156822205
23,Left Shoulder,1126.7151260375977,602.9261684417725,0.9979844689369202
23,Right Shoulder,1123.8774490356445,586.8370985984802,0.9988921880722046
23,Left Elbow,1111.501693725586,633.6846899986267,0.055046290159225464
23,Right Elbow,1086.3963317871094,628.7002229690552,0.9211596250534058
23,Left Wrist,1153.9760971069336,626.3445568084717,0.10434015095233917
23,Right Wrist,1152.4176406860352,638.3778691291809,0.8165852427482605
23,Left Hip,971.6112899780273,619.2874073982239,0.9979532361030579
23,Right Hip,973.6237335205078,612.176570892334,0.9976240992546082
23,Left Knee,860.3478813171387,606.1535739898682,0.3378986120223999
23,Right Knee,858.6503219604492,608.7745213508606,0.8681742548942566
23,Left Ankle,766.2680625915527,545.8503484725952,0.39439836144447327
23,Right Ankle,761.7978286743164,540.1915740966797,0.9221671223640442
24,Nose,1161.1685943603516,642.0033574104309,0.9963331818580627
24,Left Eye,1171.4628982543945,639.5293736457825,0.9949631094932556
24,Right Eye,1172.065200805664,638.6389017105103,0.9931672215461731
24,Left Ear,1172.7803421020508,637.5899434089661,0.996117115020752
24,Right Ear,1171.3138961791992,639.0314483642578,0.9970403909683228
24,Left Shoulder,1125.9749221801758,601.2283945083618,0.9978606104850769
24,Right Shoulder,1124.037094116211,589.0851974487305,0.998919665813446
24,Left Elbow,1105.8683395385742,632.5152254104614,0.05528454855084419
24,Right Elbow,1085.1291275024414,629.3900442123413,0.9242880344390869
24,Left Wrist,1151.0953903198242,626.7640113830566,0.10409405082464218
24,Right Wrist,1149.115219116211,638.4509325027466,0.8278647661209106
24,Left Hip,969.953498840332,619.4915342330933,0.9979333877563477
24,Right Hip,971.0359954833984,612.2443556785583,0.9975619316101074
24,Left Knee,856.6453742980957,612.6455926895142,0.3366709053516388
24,Right Knee,854.4787216186523,609.805326461792,0.8574569225311279
24,Left Ankle,762.7107810974121,565.6738257408142,0.3930518925189972
24,Right Ankle,755.9737014770508,559.9814486503601,0.9149729013442993
25,Nose,1160.628547668457,643.6067605018616,0.9963586330413818
25,Left Eye,1170.9497451782227,640.7343077659607,0.9949308037757874
25,Right Eye,1171.5832901000977,639.7091031074524,0.993156373500824
25,Left Ear,1172.3372268676758,638.5051345825195,0.9960719347000122
25,Right Ear,1170.882911682129,640.5400943756104,0.9969723224639893
25,Left Shoulder,1124.9843215942383,600.3134608268738,0.9977509379386902
25,Right Shoulder,1122.864875793457,591.8637943267822,0.9989617466926575
25,Left Elbow,1100.745506286621,625.6021428108215,0.05513373389840126
25,Right Elbow,1084.6370315551758,631.103847026825,0.9270069003105164
25,Left Wrist,1145.7340621948242,629.0527296066284,0.10122434794902802
25,Right Wrist,1146.3854598999023,637.2633790969849,0.8377577662467957
25,Left Hip,969.2241668701172,619.5355653762817,0.9978392124176025
25,Right Hip,969.4145965576172,613.9277100563049,0.997439980506897
25,Left Knee,855.4111289978027,627.0244646072388,0.3373361825942993
25,Right Knee,852.5778579711914,624.4391798973083,0.8561256527900696
25,Left Ankle,749.7557830810547,590.0412654876709,0.40085673332214355
25,Right Ankle,744.4783973693848,584.5559120178223,0.9130163192749023
26,Nose,1160.620994567871,645.3774690628052,0.9943476915359497
26,Left Eye,1170.6964874267578,641.7671728134155,0.9919679760932922
26,Right Eye,1171.2736129760742,640.5366826057434,0.9898278117179871
26,Left Ear,1171.948127746582,639.1426849365234,0.9931467771530151
26,Right Ear,1170.6706237792969,642.0007824897766,0.9943710565567017
26,Left Shoulder,1122.4793243408203,599.8482370376587,0.9969532489776611
26,Right Shoulder,1121.8198013305664,595.0319123268127,0.9989768266677856
26,Left Elbow,1062.4407577514648,622.7436590194702,0.05169237032532692
26,Right Elbow,1076.8824005126953,636.3800525665283,0.9313047528266907
26,Left Wrist,1045.7236862182617,617.1000123023987,0.09298760443925858
26,Right Wrist,1144.4739532470703,641.1186146736145,0.8454493880271912
26,Left Hip,968.6203765869141,620.990846157074,0.9973485469818115
26,Right Hip,968.2660675048828,618.851215839386,0.9969592094421387
26,Left Knee,853.9104080200195,636.9474363327026,0.32070600986480713
26,Right Knee,851.6353225708008,636.4099216461182,0.8512264490127563
26,Left Ankle,742.5738143920898,616.7717742919922,0.3911362588405609
26,Right Ankle,738.6350440979004,612.9448628425598,0.9027287364006042
27,Nose,1158.4015274047852,644.1803884506226,0.9917192459106445
27,Left Eye,1168.9217376708984,640.8172845840454,0.9877870082855225
27,Right Eye,1169.5582580566406,639.5043325424194,0.9853783845901489
27,Left Ear,1170.282096862793,638.0217576026917,0.9890841841697693
27,Right Ear,1168.7825775146484,641.4011478424072,0.9901328086853027
27,Left Shoulder,1120.4610443115234,596.4979434013367,0.9960452318191528
27,Right Shoulder,1119.7990036010742,597.6140427589417,0.9989402890205383
27,Left Elbow,1052.347755432129,621.107747554779,0.04785958305001259
27,Right Elbow,1074.1722106933594,635.7045221328735,0.9350336194038391
27,Left Wrist,993.3883666992188,606.6498899459839,0.08509251475334167
27,Right Wrist,1143.2164764404297,640.7267761230469,0.8539197444915771
27,Left Hip,967.1419143676758,620.3502058982849,0.996079683303833
27,Right Hip,966.3273239135742,621.9503259658813,0.9958879947662354
27,Left Knee,855.7966232299805,643.7324810028076,0.3053613603115082
27,Right Knee,851.506404876709,645.2379083633423,0.8507028222084045
27,Left Ankle,739.204158782959,641.8894815444946,0.37950295209884644
27,Right Ankle,728.353099822998,641.2631320953369,0.8968796133995056
28,Nose,1157.2820663452148,644.1510987281799,0.9875118732452393
28,Left Eye,1167.7958679199219,640.7984232902527,0.9811508655548096
28,Right Eye,1168.392333984375,639.5340728759766,0.9781018495559692
28,Left Ear,1169.066505432129,638.0746078491211,0.9824565649032593
28,Right Ear,1167.7286911010742,641.191291809082,0.9840291142463684
28,Left Shoulder,1120.2219772338867,597.504415512085,0.9949678778648376
28,Right Shoulder,1118.7860870361328,597.8972840309143,0.9988529086112976
28,Left Elbow,1051.5289306640625,619.0707921981812,0.04435205087065697
28,Right Elbow,1072.2550964355469,638.4978604316711,0.9371253848075867
28,Left Wrist,998.3390808105469,604.1670227050781,0.07803554087877274
28,Right Wrist,1143.0861282348633,640.5690622329712,0.8589118123054504
28,Left Hip,968.7175369262695,620.3211092948914,0.9956594109535217
28,Right Hip,966.4120101928711,622.6083469390869,0.9955555200576782
28,Left Knee,859.6924209594727,643.0429816246033,0.2978114187717438
28,Right Knee,852.1916770935059,646.4978814125061,0.8521438837051392
28,Left Ankle,740.5666351318359,642.6029920578003,0.3882758915424347
28,Right Ankle,731.8023490905762,643.595495223999,0.8961126804351807
29,Nose,1157.2430419921875,643.8928985595703,0.9875383973121643
29,Left Eye,1167.601203918457,640.3568243980408,0.9812198281288147
29,Right Eye,1168.165626525879,639.0660166740417,0.9781294465065002
29,Left Ear,1168.8161087036133,637.582733631134,0.9824547171592712
29,Right Ear,1167.586898803711,640.7959771156311,0.9842382073402405
29,Left Shoulder,1119.6321487426758,597.2644972801208,0.9943081140518188
29,Right Shoulder,1118.781852722168,598.9535164833069,0.9988600611686707
29,Left Elbow,1057.2257995605469,620.0190711021423,0.04290280118584633
29,Right Elbow,1070.6005096435547,639.7584772109985,0.9400978088378906
29,Left Wrist,1044.0950775146484,605.3677725791931,0.07309011369943619
29,Right Wrist,1142.5758361816406,640.6533908843994,0.8638513088226318
29,Left Hip,967.3776626586914,620.320143699646,0.9950177669525146
29,Right Hip,965.5313873291016,623.655116558075,0.9950748682022095
29,Left Knee,858.7071418762207,640.9395933151245,0.2967756390571594
29,Right Knee,851.6558074951172,644.2455339431763,0.8565027713775635
29,Left Ankle,739.8797607421875,634.8571157455444,0.3974948823451996
29,Right Ankle,730.081729888916,637.1048283576965,0.8986096382141113
30,Nose,1157.4320983886719,643.9078974723816,0.9854974746704102
30,Left Eye,1167.8120040893555,640.4178500175476,0.9779055714607239
30,Right Eye,1168.3442687988281,639.1664385795593,0.9747531414031982
30,Left Ear,1168.9768981933594,637.7236461639404,0.9794051051139832
30,Right Ear,1167.8314590454102,640.6629824638367,0.9806607365608215
30,Left Shoulder,1119.459342956543,597.3185706138611,0.9938267469406128
30,Right Shoulder,1118.8847351074219,597.9434394836426,0.9988206028938293
30,Left Elbow,1048.293342590332,616.7492437362671,0.03974442929029465
30,Right Elbow,1070.592384338379,636.5417575836182,0.942813515663147
30,Left Wrist,975.2753448486328,599.4993352890015,0.06716521084308624
30,Right Wrist,1142.2053909301758,640.0278782844543,0.868450939655304
30,Left Hip,966.5786361694336,620.0897526741028,0.9948532581329346
30,Right Hip,964.9851608276367,623.067262172699,0.9948811531066895
30,Left Knee,857.6388931274414,638.6662602424622,0.2969358563423157
30,Right Knee,850.9529685974121,641.5636897087097,0.8619195818901062
30,Left Ankle,739.6084785461426,627.1475458145142,0.4073088467121124
30,Right Ankle,730.8185577392578,627.875862121582,0.9010938405990601
31,Nose,1159.1176986694336,644.3549680709839,0.9861356616020203
31,Left Eye,1169.341163635254,640.7214331626892,0.9789876341819763
31,Right Eye,1169.8951721191406,639.411313533783,0.9758862853050232
31,Left Ear,1170.5622482299805,637.9032468795776,0.9805338382720947
31,Right Ear,1169.3342971801758,641.0542416572571,0.9817432165145874
31,Left Shoulder,1122.4899673461914,597.0972561836243,0.9935534596443176
31,Right Shoulder,1121.6586685180664,599.1965889930725,0.9988045692443848
31,Left Elbow,1093.1561279296875,618.4278988838196,0.03870730474591255
31,Right Elbow,1073.2269287109375,634.9670648574829,0.94115149974823
31,Left Wrist,1115.0911331176758,615.1457762718201,0.06427716463804245
31,Right Wrist,1141.9221496582031,639.6699643135071,0.8707611560821533
31,Left Hip,966.148567199707,619.9296569824219,0.9944344758987427
31,Right Hip,964.6602630615234,622.7513837814331,0.9945061802864075
31,Left Knee,854.9462699890137,637.6358413696289,0.29495370388031006
31,Right Knee,847.697639465332,640.3978943824768,0.8622192144393921
31,Left Ankle,737.1311187744141,622.0887279510498,0.4053228497505188
31,Right Ankle,728.0910301208496,622.3254919052124,0.9041954278945923
32,Nose,1161.9271087646484,645.5873250961304,0.9864903688430786
32,Left Eye,1172.0306396484375,641.5573811531067,0.9797398447990417
32,Right Eye,1172.585105895996,640.1839828491211,0.976627767086029
32,Left Ear,1173.2368469238281,638.6181735992432,0.9813735485076904
32,Right Ear,1172.0329284667969,641.940336227417,0.9824943542480469
32,Left Shoulder,1123.7078475952148,597.8455924987793,0.9931474328041077
32,Right Shoulder,1123.3808898925781,599.4762253761292,0.9987251162528992
32,Left Elbow,1087.375259399414,618.8711071014404,0.03862374648451805
32,Right Elbow,1075.2993392944336,634.1916275024414,0.9378321170806885
32,Left Wrist,1124.567985534668,623.0014085769653,0.06139141693711281
32,Right Wrist,1142.4914932250977,639.1988825798035,0.8643335103988647
32,Left Hip,966.4419937133789,620.0783586502075,0.9935876727104187
32,Right Hip,964.9975204467773,622.4192190170288,0.9936844706535339
32,Left Knee,854.703197479248,636.9797515869141,0.29050737619400024
32,Right Knee,847.3614120483398,639.5311117172241,0.8581948280334473
32,Left Ankle,737.9497718811035,619.8472595214844,0.39822864532470703
32,Right Ankle,728.0142402648926,620.1786518096924,0.9027600884437561
33,Nose,1163.836555480957,645.9767174720764,0.9869688153266907
33,Left Eye,1173.903694152832,641.8144869804382,0.9806084036827087
33,Right Eye,1174.5161819458008,640.3800630569458,0.9775494933128357
33,Left Ear,1175.251350402832,638.750524520874,0.9822614789009094
33,Right Ear,1173.9411163330078,642.2471380233765,0.9832935333251953
33,Left Shoulder,1125.780143737793,597.964038848877,0.9928445219993591
33,Right Shoulder,1127.8721237182617,601.382954120636,0.9986794590950012
33,Left Elbow,1085.138053894043,618.6732888221741,0.03834780305624008
33,Right Elbow,1081.149673461914,633.7165546417236,0.9334248900413513
33,Left Wrist,1110.2981185913086,622.3243975639343,0.05772561952471733
33,Right Wrist,1143.2352447509766,639.0789556503296,0.8595475554466248
33,Left Hip,968.3069229125977,619.9328756332397,0.9932400584220886
33,Right Hip,966.8849945068359,622.1645593643188,0.9933251738548279
33,Left Knee,854.8467063903809,636.8056869506836,0.2858315110206604
33,Right Knee,847.5372505187988,639.4116353988647,0.8538581132888794
33,Left Ankle,738.0576324462891,621.4496326446533,0.39390942454338074
33,Right Ankle,728.6408042907715,623.0184030532837,0.901692271232605
34,Nose,1164.0277862548828,645.6656670570374,0.9876893162727356
34,Left Eye,1174.021339416504,641.8155169487,0.9818803071975708
34,Right Eye,1174.625129699707,640.4573750495911,0.9789651036262512
34,Left Ear,1175.3459930419922,638.9263272285461,0.9834030270576477
34,Right Ear,1174.0507507324219,642.2733378410339,0.9843516945838928
34,Left Shoulder,1125.223731994629,597.7753615379333,0.9925493001937866
34,Right Shoulder,1127.607765197754,601.1100769042969,0.9986992478370667
34,Left Elbow,1069.9373245239258,618.4802985191345,0.037643518298864365
34,Right Elbow,1079.2116165161133,634.6927070617676,0.9352045059204102
34,Left Wrist,1086.5675354003906,622.848265171051,0.05526933819055557
34,Right Wrist,1143.0553436279297,639.2593288421631,0.8596922159194946
34,Left Hip,969.3601226806641,619.912919998169,0.9931795597076416
34,Right Hip,968.1185531616211,621.9857311248779,0.9931385517120361
34,Left Knee,854.6931266784668,637.326078414917,0.28456035256385803
34,Right Knee,847.8067016601562,639.5060062408447,0.85707026720047
34,Left Ankle,734.2403984069824,628.2518005371094,0.4001190960407257
34,Right Ankle,726.7489814758301,629.5473074913025,0.9012938141822815
35,Nose,1163.2863235473633,645.7533431053162,0.9856925010681152
35,Left Eye,1173.3675384521484,642.3129916191101,0.9791070818901062
35,Right Eye,1173.9525604248047,641.0758709907532,0.9759461283683777
35,Left Ear,1174.6555709838867,639.6787190437317,0.980772852897644
35,Right Ear,1173.3336639404297,642.6792097091675,0.9815373420715332
35,Left Shoulder,1124.8261642456055,597.5964045524597,0.9914625287055969
35,Right Shoulder,1126.4329147338867,600.4143333435059,0.9986026883125305
35,Left Elbow,1059.4289016723633,618.0971503257751,0.03524770215153694
35,Right Elbow,1078.772964477539,635.1178908348083,0.9361369609832764
35,Left Wrist,1003.6297988891602,613.8117098808289,0.05100033059716225
35,Right Wrist,1143.8273620605469,639.7440576553345,0.8608373403549194
35,Left Hip,970.3778457641602,619.8830509185791,0.9925013184547424
35,Right Hip,968.8933181762695,621.8724989891052,0.9924123883247375
35,Left Knee,855.8485794067383,638.4983110427856,0.2767350673675537
35,Right Knee,850.2007484436035,640.9300017356873,0.8581927418708801
35,Left Ankle,735.099048614502,636.1871266365051,0.39704328775405884
35,Right Ankle,727.5925254821777,636.7847013473511,0.8978605270385742
36,Nose,1162.906608581543,645.4056000709534,0.9848142266273499
36,Left Eye,1173.0216979980469,641.9995594024658,0.9781012535095215
36,Right Eye,1173.588752746582,640.7907629013062,0.9750361442565918
36,Left Ear,1174.2678451538086,639.424638748169,0.9799481630325317
36,Right Ear,1172.999153137207,642.3384189605713,0.9801197648048401
36,Left Shoulder,1124.1994857788086,597.5216031074524,0.9909273386001587
36,Right Shoulder,1126.4726257324219,600.8119654655457,0.9984644651412964
36,Left Elbow,1052.4742126464844,613.244776725769,0.03305143490433693
36,Right Elbow,1079.9608612060547,633.2577037811279,0.9347355961799622
36,Left Wrist,984.0352249145508,609.4707155227661,0.04701133444905281
36,Right Wrist,1143.672981262207,639.6718955039978,0.856898844242096
36,Left Hip,971.4334487915039,619.3315029144287,0.9923546314239502
36,Right Hip,969.6097183227539,621.7760682106018,0.9921780824661255
36,Left Knee,857.6784324645996,640.2923226356506,0.2763753831386566
36,Right Knee,851.7134284973145,643.284637928009,0.8614261150360107
36,Left Ankle,741.5057373046875,641.7270684242249,0.40173789858818054
36,Right Ankle,729.8002052307129,642.4109673500061,0.8993446230888367
37,Nose,1163.2575988769531,645.085666179657,0.9853605628013611
37,Left Eye,1173.2314682006836,641.6418385505676,0.9789941906929016
37,Right Eye,1173.7852478027344,640.4435992240906,0.9762589335441589
37,Left Ear,1174.4452285766602,639.0962076187134,0.9808545112609863
37,Right Ear,1173.1696701049805,641.9649267196655,0.9804472923278809
37,Left Shoulder,1124.0241622924805,597.4390125274658,0.9911555647850037
37,Right Shoulder,1128.1986236572266,602.1327066421509,0.9983819127082825
37,Left Elbow,1048.8676071166992,605.2560210227966,0.03311318904161453
37,Right Elbow,1090.7585906982422,626.558210849762,0.9337432980537415
37,Left Wrist,960.6009292602539,602.250509262085,0.044250354170799255
37,Right Wrist,1143.954849243164,638.0118441581726,0.8531674742698669
37,Left Hip,973.0340194702148,618.4398722648621,0.9926701784133911
37,Right Hip,970.8628463745117,621.7410492897034,0.992396354675293
37,Left Knee,860.1252365112305,641.4088082313538,0.279629647731781
37,Right Knee,854.3643379211426,644.2906594276428,0.8682101368904114
37,Left Ankle,745.9635543823242,641.4590191841125,0.40628477931022644
37,Right Ankle,734.0420150756836,642.2812557220459,0.9035641551017761
38,Nose,1162.8965377807617,644.855146408081,0.9848965406417847
38,Left Eye,1172.878532409668,641.3824796676636,0.9785718321800232
38,Right Eye,1173.4291076660156,640.1857852935791,0.9757584929466248
38,Left Ear,1174.0862274169922,638.8551950454712,0.9805147647857666
38,Right Ear,1172.820053100586,641.7311239242554,0.9798410534858704
38,Left Shoulder,1124.3293762207031,597.2642397880554,0.9900062680244446
38,Right Shoulder,1127.5038528442383,601.8625974655151,0.9980601072311401
38,Left Elbow,1053.255958557129,604.8662424087524,0.031195610761642456
38,Right Elbow,1102.408218383789,621.2261295318604,0.9286354184150696
38,Left Wrist,1004.6867752075195,611.3492488861084,0.040367208421230316
38,Right Wrist,1141.4956283569336,632.5824952125549,0.842199444770813
38,Left Hip,972.8107452392578,618.3714437484741,0.9919925928115845
38,Right Hip,970.4853057861328,621.6786074638367,0.9917282462120056
38,Left Knee,859.2815208435059,641.102135181427,0.2730802893638611
38,Right Knee,853.5451126098633,644.1303062438965,0.8680624961853027
38,Left Ankle,742.7972030639648,639.0090465545654,0.39798444509506226
38,Right Ankle,731.2646484375,640.5395793914795,0.9039409160614014
39,Nose,1162.517967224121,644.8161363601685,0.9857453107833862
39,Left Eye,1172.402000427246,641.3200378417969,0.9799208045005798
39,Right Eye,1172.9217910766602,640.1464533805847,0.977182924747467
39,Left Ear,1173.5390853881836,638.7598586082458,0.9817709922790527
39,Right Ear,1172.3773956298828,641.6728663444519,0.9811385273933411
39,Left Shoulder,1124.1182327270508,597.1869921684265,0.9898834228515625
39,Right Shoulder,1127.3295593261719,602.1706223487854,0.9980179667472839
39,Left Elbow,1073.9691925048828,605.63556432724,0.030662033706903458
39,Right Elbow,1097.332534790039,621.896960735321,0.926446795463562
39,Left Wrist,1059.6368408203125,623.0690002441406,0.03762689232826233
39,Right Wrist,1143.6870574951172,634.6945095062256,0.8431346416473389
39,Left Hip,972.3429107666016,618.0264043807983,0.9918978214263916
39,Right Hip,970.3801345825195,621.6297483444214,0.9916790127754211
39,Left Knee,858.819580078125,640.7903122901917,0.26690661907196045
39,Right Knee,853.2051658630371,644.0220308303833,0.8643088340759277
39,Left Ankle,742.2553825378418,637.0850014686584,0.38665035367012024
39,Right Ankle,730.1850700378418,638.6800360679626,0.902786135673523
40,Nose,1162.0463562011719,644.6591949462891,0.9864904284477234
40,Left Eye,1171.8756866455078,641.1363816261292,0.9810652732849121
40,Right Eye,1172.3678970336914,639.9725818634033,0.9783786535263062
40,Left Ear,1172.959098815918,638.6204266548157,0.9827980399131775
40,Right Ear,1171.9393157958984,641.4764642715454,0.9822426438331604
40,Left Shoulder,1123.9609909057617,597.1066546440125,0.9896711111068726
40,Right Shoulder,1127.149314880371,602.105348110199,0.9980087876319885
40,Left Elbow,1073.723030090332,608.6934113502502,0.030073197558522224
40,Right Elbow,1092.451057434082,624.3747425079346,0.9266570210456848
40,Left Wrist,1056.3258361816406,624.0137386322021,0.0353543758392334
40,Right Wrist,1146.6609191894531,637.4523782730103,0.8424403667449951
40,Left Hip,972.0642471313477,617.9154896736145,0.9917694330215454
40,Right Hip,970.2824020385742,621.5861678123474,0.9915782809257507
40,Left Knee,858.4391212463379,640.6100034713745,0.26270604133605957
40,Right Knee,852.1505355834961,643.7787652015686,0.8629369139671326
40,Left Ankle,739.2807769775391,636.6595602035522,0.38474294543266296
40,Right Ankle,727.6621055603027,638.0853581428528,0.9002171754837036
41,Nose,1161.701431274414,644.5636010169983,0.9868373870849609
41,Left Eye,1171.4238739013672,641.0316467285156,0.9817096590995789
41,Right Eye,1171.8943405151367,639.8533630371094,0.9789983630180359
41,Left Ear,1172.4602508544922,638.5018515586853,0.9833840727806091
41,Right Ear,1171.5370559692383,641.3984441757202,0.9828464984893799
41,Left Shoulder,1123.8844299316406,597.1181774139404,0.9892826676368713
41,Right Shoulder,1126.9482421875,602.1930241584778,0.9979280829429626
41,Left Elbow,1073.5891342163086,609.9593710899353,0.02915637195110321
41,Right Elbow,1091.0688400268555,625.1887392997742,0.9252833127975464
41,Left Wrist,1055.4120254516602,623.4540796279907,0.03285098820924759
41,Right Wrist,1147.870216369629,637.7309203147888,0.8413732647895813
41,Left Hip,971.8307876586914,617.7497935295105,0.9915329217910767
41,Right Hip,970.0112915039062,621.4283895492554,0.9913718104362488
41,Left Knee,858.175106048584,640.5308890342712,0.25594866275787354
41,Right Knee,852.1079063415527,643.7066030502319,0.8590978384017944
41,Left Ankle,739.3253517150879,636.914541721344,0.37531793117523193
41,Right Ankle,727.9236030578613,638.1619620323181,0.8967121243476868
42,Nose,1161.6017532348633,644.4659471511841,0.9868115782737732
42,Left Eye,1171.270523071289,640.9172558784485,0.9818098545074463
42,Right Eye,1171.7108917236328,639.7528123855591,0.9791224002838135
42,Left Ear,1172.248420715332,638.4379935264587,0.9834805130958557
42,Right Ear,1171.4417266845703,641.2817358970642,0.9828032851219177
42,Left Shoulder,1123.8038635253906,597.2798180580139,0.9888793230056763
42,Right Shoulder,1126.8280792236328,602.152533531189,0.9978359341621399
42,Left Elbow,1062.1222686767578,609.4983959197998,0.027988754212856293
42,Right Elbow,1088.9087677001953,625.4507374763489,0.9239449501037598
42,Left Wrist,1010.6125259399414,621.8997287750244,0.030543701723217964
42,Right Wrist,1147.6915740966797,638.3884263038635,0.8378111124038696
42,Left Hip,972.3970413208008,617.6826524734497,0.9913139939308167
42,Right Hip,970.1775741577148,620.9654831886292,0.9911239147186279
42,Left Knee,859.9425315856934,640.9618663787842,0.25086984038352966
42,Right Knee,853.3178329467773,644.1622352600098,0.8584298491477966
42,Left Ankle,741.071891784668,637.0326662063599,0.37089353799819946
42,Right Ankle,729.2461967468262,638.0489873886108,0.8930437564849854
43,Nose,1161.4640808105469,644.3883776664734,0.9869245886802673
43,Left Eye,1171.1525344848633,640.8297085762024,0.9820916652679443
43,Right Eye,1171.5717315673828,639.6861863136292,0.9793572425842285
43,Left Ear,1172.0854568481445,638.412115573883,0.9837002158164978
43,Right Ear,1171.3530349731445,641.1952829360962,0.9830677509307861
43,Left Shoulder,1123.8581085205078,598.0012464523315,0.9884571433067322
43,Right Shoulder,1126.5290451049805,602.1155190467834,0.9977813363075256
43,Left Elbow,1059.6601867675781,610.4289722442627,0.026861602440476418
43,Right Elbow,1086.665153503418,626.2989163398743,0.9243119359016418
43,Left Wrist,1014.5079803466797,621.648416519165,0.028491435572504997
43,Right Wrist,1147.6004791259766,639.1572976112366,0.8378221392631531
43,Left Hip,972.4994659423828,617.7360820770264,0.9910787343978882
43,Right Hip,970.2858352661133,620.7119822502136,0.9909022450447083
43,Left Knee,859.9286842346191,641.1411452293396,0.24645483493804932
43,Right Knee,853.4884643554688,644.5804667472839,0.8581128120422363
43,Left Ankle,741.0415077209473,637.3810529708862,0.36888182163238525
43,Right Ankle,729.3011856079102,638.4323287010193,0.890762448310852
44,Nose,1161.3561630249023,644.337522983551,0.9878246784210205
44,Left Eye,1171.0826110839844,640.7717728614807,0.9834328293800354
44,Right Eye,1171.501808166504,639.6504592895508,0.9807889461517334
44,Left Ear,1172.0149612426758,638.4041333198547,0.984931468963623
44,Right Ear,1171.2736129760742,641.0994958877563,0.9843851923942566
44,Left Shoulder,1123.9660263061523,598.3709406852722,0.9887073040008545
44,Right Shoulder,1126.292495727539,602.0078229904175,0.997818648815155
44,Left Elbow,1076.8444061279297,614.1569423675537,0.02807632088661194
44,Right Elbow,1085.687026977539,626.6297936439514,0.9246782660484314
44,Left Wrist,1105.7930374145508,626.8046951293945,0.029072105884552002
44,Right Wrist,1147.965087890625,639.1473841667175,0.8392984867095947
44,Left Hip,972.3996734619141,617.9286861419678,0.9912168979644775
44,Right Hip,970.1544570922852,620.6303572654724,0.9909825325012207
44,Left Knee,859.493350982666,641.1424970626831,0.2465364784002304
44,Right Knee,853.1831932067871,644.5248484611511,0.8554220795631409
44,Left Ankle,739.2724800109863,637.2693657875061,0.36787164211273193
44,Right Ankle,728.7839126586914,638.4240245819092,0.8900552988052368
45,Nose,1161.3102722167969,644.2949724197388,0.988198459148407
45,Left Eye,1171.0704803466797,640.7227206230164,0.9840189218521118
45,Right Eye,1171.4880752563477,639.6116423606873,0.9813438057899475
45,Left Ear,1171.9972229003906,638.378255367279,0.9854463934898376
45,Right Ear,1171.2459182739258,641.0245013237,0.9849860668182373
45,Left Shoulder,1124.1180038452148,598.3569717407227,0.9884857535362244
45,Right Shoulder,1126.0962295532227,601.936240196228,0.9977985620498657
45,Left Elbow,1076.2742614746094,614.1037702560425,0.027212830260396004
45,Right Elbow,1085.5648040771484,626.9972991943359,0.9254636764526367
45,Left Wrist,1093.4637451171875,625.7731175422668,0.027322327718138695
45,Right Wrist,1148.649559020996,639.1211199760437,0.8411521315574646
45,Left Hip,972.3025131225586,617.9233431816101,0.9911259412765503
45,Right Hip,970.0679397583008,620.5014181137085,0.9908896684646606
45,Left Knee,859.3219184875488,641.1291718482971,0.2421034872531891
45,Right Knee,853.0896949768066,644.4508838653564,0.8537598848342896
45,Left Ankle,738.651008605957,637.3316788673401,0.3622399866580963
45,Right Ankle,728.4655380249023,638.3811521530151,0.8880777955055237
46,Nose,1161.2499618530273,644.2666482925415,0.9883187413215637
46,Left Eye,1171.017723083496,640.6880235671997,0.9842342734336853
46,Right Eye,1171.4384078979492,639.5883393287659,0.981521487236023
46,Left Ear,1171.9505310058594,638.3684706687927,0.9856269955635071
46,Right Ear,1171.1876678466797,640.9633469581604,0.9851970672607422
46,Left Shoulder,1124.2411422729492,598.3205366134644,0.9881756901741028
46,Right Shoulder,1125.8960723876953,602.0630550384521,0.9977493286132812
46,Left Elbow,1071.207275390625,614.0565848350525,0.026296760886907578
46,Right Elbow,1085.5098724365234,627.132031917572,0.9254941344261169
46,Left Wrist,1051.7498016357422,625.1563596725464,0.025464627891778946
46,Right Wrist,1149.0107345581055,639.097945690155,0.8405699729919434
46,Left Hip,972.2522735595703,617.8717803955078,0.9908856153488159
46,Right Hip,969.993782043457,620.4850673675537,0.9907177090644836
46,Left Knee,859.3224906921387,641.1166834831238,0.23737454414367676
46,Right Knee,853.0135345458984,644.5795655250549,0.8523035645484924
46,Left Ankle,738.6637115478516,637.2590017318726,0.35636433959007263
46,Right Ankle,728.5137176513672,638.3564972877502,0.8862637877464294
47,Nose,1161.0151290893555,644.27250623703,0.9889730215072632
47,Left Eye,1170.824203491211,640.7083654403687,0.9852287173271179
47,Right Eye,1171.2554168701172,639.6297311782837,0.9825862646102905
47,Left Ear,1171.7785263061523,638.4334874153137,0.986552894115448
47,Right Ear,1170.9931182861328,640.942554473877,0.9861646890640259
47,Left Shoulder,1124.4304275512695,598.3091425895691,0.988429605960846
47,Right Shoulder,1125.779685974121,602.1114635467529,0.9977680444717407
47,Left Elbow,1080.457878112793,615.2512192726135,0.0272614024579525
47,Right Elbow,1085.3727722167969,627.3940300941467,0.9243610501289368
47,Left Wrist,1100.0847244262695,626.904022693634,0.02561432123184204
47,Right Wrist,1150.0982666015625,639.158456325531,0.8386562466621399
47,Left Hip,972.1989440917969,617.8263974189758,0.9909764528274536
47,Right Hip,969.9531555175781,620.4699397087097,0.9907482266426086
47,Left Knee,859.299259185791,641.1156535148621,0.2344617247581482
47,Right Knee,852.9486465454102,644.5663690567017,0.8485656380653381
47,Left Ankle,738.6375617980957,637.2761249542236,0.35196205973625183
47,Right Ankle,728.3853721618652,638.3450388908386,0.8842582106590271
48,Nose,1160.9274673461914,644.2781066894531,0.9896127581596375
48,Left Eye,1170.761375427246,640.726969242096,0.9862030148506165
48,Right Eye,1171.1957931518555,639.6613383293152,0.9836294651031494
48,Left Ear,1171.7219924926758,638.4788703918457,0.9874677658081055
48,Right Ear,1170.934066772461,640.9317398071289,0.9871134757995605
48,Left Shoulder,1124.589500427246,598.2789516448975,0.9886168837547302
48,Right Shoulder,1125.699119567871,602.1390151977539,0.9977596998214722
48,Left Elbow,1092.5329971313477,615.4641652107239,0.028505679219961166
48,Right Elbow,1085.3324890136719,627.4937438964844,0.921929121017456
48,Left Wrist,1146.951026916504,631.3633346557617,0.026218082755804062
48,Right Wrist,1151.044692993164,639.1728758811951,0.8348743915557861
48,Left Hip,972.1875,617.820475101471,0.9910892248153687
48,Right Hip,969.7781753540039,620.4568076133728,0.9907945990562439
48,Left Knee,859.2824363708496,641.1285924911499,0.23227094113826752
48,Right Knee,852.8597259521484,644.6378874778748,0.8447407484054565
48,Left Ankle,738.7690544128418,637.2332525253296,0.34779712557792664
48,Right Ankle,728.4174156188965,638.2968878746033,0.8833090662956238
49,Nose,1160.8514785766602,644.2671632766724,0.9902080297470093
49,Left Eye,1170.7133102416992,640.7149314880371,0.9870983958244324
49,Right Eye,1171.153678894043,639.6536135673523,0.9845984578132629
49,Left Ear,1171.6850280761719,638.4757804870605,0.988307535648346
49,Right Ear,1170.889778137207,640.9080505371094,0.9879837036132812
49,Left Shoulder,1124.6281814575195,598.2542967796326,0.9887740612030029
49,Right Shoulder,1125.6469345092773,602.2252106666565,0.9977516531944275
49,Left Elbow,1087.6627349853516,615.7840991020203,0.029608039185404778
49,Right Elbow,1085.2966690063477,627.5482678413391,0.9196134209632874
49,Left Wrist,1149.5831680297852,632.7583622932434,0.026891496032476425
49,Right Wrist,1151.198387145996,639.1857504844666,0.8313584923744202
49,Left Hip,972.1322250366211,617.8139734268188,0.991175651550293
49,Right Hip,969.6692276000977,620.4565501213074,0.99083012342453
49,Left Knee,859.2087936401367,641.1162972450256,0.23146292567253113
49,Right Knee,852.8237915039062,644.6409130096436,0.8422439694404602
49,Left Ankle,738.7861061096191,637.1753811836243,0.3461953103542328
49,Right Ankle,728.4397315979004,638.2731986045837,0.8831264972686768
50,Nose,1160.8094787597656,644.2583441734314,0.9907304048538208
50,Left Eye,1170.6769180297852,640.7049536705017,0.9878836274147034
50,Right Eye,1171.1186599731445,639.6459531784058,0.9854503870010376
50,Left Ear,1171.651496887207,638.4701156616211,0.9890551567077637
50,Right Ear,1170.8473205566406,640.8913135528564,0.9887474775314331
50,Left Shoulder,1124.8117446899414,598.2835865020752,0.988956093788147
50,Right Shoulder,1125.5916595458984,602.2669243812561,0.9977477192878723
50,Left Elbow,1093.3503341674805,616.2439155578613,0.030892066657543182
50,Right Elbow,1085.232810974121,627.5699615478516,0.9160346388816833
50,Left Wrist,1149.5664596557617,634.005138874054,0.02738836593925953
50,Right Wrist,1151.125144958496,639.2997550964355,0.8252676129341125
50,Left Hip,972.0758056640625,617.8500866889954,0.9912850856781006
50,Right Hip,969.6223068237305,620.4682660102844,0.9909023642539978
50,Left Knee,859.1403579711914,641.10844373703,0.23131927847862244
50,Right Knee,852.762451171875,644.6371150016785,0.8397629261016846
50,Left Ankle,739.0109825134277,637.1246552467346,0.34459301829338074
50,Right Ankle,728.5137176513672,638.2314848899841,0.8833853602409363
51,Nose,1160.812110900879,644.218111038208,0.9912203550338745
51,Left Eye,1170.6757736206055,640.670964717865,0.9886171817779541
51,Right Eye,1171.1175155639648,639.6147322654724,0.9862443804740906
51,Left Ear,1171.6497802734375,638.443078994751,0.9897447228431702
51,Right Ear,1170.849609375,640.8495354652405,0.9894667863845825
51,Left Shoulder,1125.0574493408203,598.3325099945068,0.9891159534454346
51,Right Shoulder,1125.607681274414,602.2679543495178,0.9977601766586304
51,Left Elbow,1094.5582580566406,616.519238948822,0.03183359280228615
51,Right Elbow,1085.1811981201172,627.6333689689636,0.913251519203186
51,Left Wrist,1149.561996459961,634.5048666000366,0.027767756953835487
51,Right Wrist,1150.9701919555664,639.4082880020142,0.8215706944465637
51,Left Hip,972.0572662353516,617.9427194595337,0.9913780093193054
51,Right Hip,969.5766448974609,620.4830074310303,0.9909631013870239
51,Left Knee,859.0188217163086,641.103937625885,0.2311277687549591
51,Right Knee,852.7414512634277,644.6279096603394,0.8370601534843445
51,Left Ankle,739.0588188171387,637.0834565162659,0.34227001667022705
51,Right Ankle,728.5964584350586,638.2047057151794,0.8833042979240417
52,Nose,1160.859375,644.208390712738,0.9915841221809387
52,Left Eye,1170.7229232788086,640.6643986701965,0.9891980886459351
52,Right Eye,1171.161117553711,639.6082305908203,0.9868412017822266
52,Left Ear,1171.6888046264648,638.4372854232788,0.9902939200401306
52,Right Ear,1170.9035110473633,640.8374333381653,0.9900490045547485
52,Left Shoulder,1125.2558898925781,598.4590029716492,0.9891332387924194
52,Right Shoulder,1125.644187927246,602.2745847702026,0.9977445602416992
52,Left Elbow,1094.5575714111328,616.6629195213318,0.032476700842380524
52,Right Elbow,1085.1325607299805,627.6839661598206,0.9104169607162476
52,Left Wrist,1150.1485061645508,634.9321103096008,0.028207380324602127
52,Right Wrist,1150.9016418457031,639.4651293754578,0.8184350728988647
52,Left Hip,972.033576965332,618.0715298652649,0.9914032816886902
52,Right Hip,969.5634841918945,620.4850029945374,0.9909458160400391
52,Left Knee,858.9492416381836,641.150221824646,0.23156405985355377
52,Right Knee,852.7082633972168,644.6328663825989,0.8340128660202026
52,Left Ankle,739.6648406982422,637.0537161827087,0.34076401591300964
52,Right Ankle,729.2618751525879,638.1744503974915,0.882863461971283
53,Nose,1160.9092712402344,644.1728568077087,0.9919242858886719
53,Left Eye,1170.7674407958984,640.6407737731934,0.9897287487983704
53,Right Eye,1171.2017440795898,639.5893049240112,0.9873975515365601
53,Left Ear,1171.724739074707,638.4228014945984,0.9907971024513245
53,Right Ear,1170.9542083740234,640.8005475997925,0.990580141544342
53,Left Shoulder,1125.351905822754,598.4922194480896,0.9891695380210876
53,Right Shoulder,1125.6932830810547,602.2826313972473,0.9977419376373291
53,Left Elbow,1094.5801162719727,616.6967153549194,0.0329589769244194
53,Right Elbow,1085.0907897949219,627.7270317077637,0.9078773856163025
53,Left Wrist,1149.7587203979492,635.0167608261108,0.02834942191839218
53,Right Wrist,1150.8496856689453,639.4974446296692,0.8161976933479309
53,Left Hip,972.0074844360352,618.1585621833801,0.9914256930351257
53,Right Hip,969.5385360717773,620.4852604866028,0.9909622073173523
53,Left Knee,858.9247512817383,641.1842751502991,0.2327539324760437
53,Right Knee,852.6560211181641,644.629647731781,0.8323385119438171
53,Left Ankle,739.8501205444336,637.0848083496094,0.3404896557331085
53,Right Ankle,729.5496368408203,638.1741285324097,0.8833703398704529
54,Nose,1160.899772644043,644.1365504264832,0.9921352863311768
54,Left Eye,1170.7606887817383,640.6155395507812,0.9900853037834167
54,Right Eye,1171.1959075927734,639.568190574646,0.987753689289093
54,Left Ear,1171.7198181152344,638.40580701828,0.9911370873451233
54,Right Ear,1170.944709777832,640.7739615440369,0.9909380674362183
54,Left Shoulder,1125.377311706543,598.4920263290405,0.9891848564147949
54,Right Shoulder,1125.6792068481445,602.2966647148132,0.9977322220802307
54,Left Elbow,1091.6740036010742,616.8062782287598,0.03325474262237549
54,Right Elbow,1084.8942947387695,627.7490472793579,0.90669846534729
54,Left Wrist,1125.9867095947266,634.8967051506042,0.02846439741551876
54,Right Wrist,1150.6546783447266,639.5824813842773,0.8145034313201904
54,Left Hip,971.9943237304688,618.2021427154541,0.9913777709007263
54,Right Hip,969.5190811157227,620.5107522010803,0.990908682346344
54,Left Knee,858.9027214050293,641.210024356842,0.23371154069900513
54,Right Knee,852.6327323913574,644.6264934539795,0.8309450149536133
54,Left Ankle,740.0744247436523,637.0752811431885,0.3427667021751404
54,Right Ankle,729.8147964477539,638.1577777862549,0.8831307291984558
55,Nose,1160.760383605957,644.1105437278748,0.9923155903816223
55,Left Eye,1170.629539489746,640.5883097648621,0.9903745651245117
55,Right Eye,1171.0735702514648,639.5409607887268,0.9880663752555847
55,Left Ear,1171.6050338745117,638.3792853355408,0.9914225935935974
55,Right Ear,1170.8061218261719,640.7597351074219,0.9912248253822327
55,Left Shoulder,1125.3688430786133,598.4465146064758,0.98923259973526
55,Right Shoulder,1125.6650161743164,602.430431842804,0.9977273344993591
55,Left Elbow,1090.0254821777344,616.8224358558655,0.03318779915571213
55,Right Elbow,1084.830551147461,627.8098797798157,0.9059724807739258
55,Left Wrist,1108.3799743652344,634.6506714820862,0.028078559786081314
55,Right Wrist,1150.6115341186523,639.5926523208618,0.8149359822273254
55,Left Hip,971.9856262207031,618.2027864456177,0.9913378953933716
55,Right Hip,969.5043182373047,620.5419731140137,0.990919291973114
55,Left Knee,858.8567733764648,641.2140798568726,0.23386184871196747
55,Right Knee,852.5927352905273,644.6238541603088,0.8308047652244568
55,Left Ankle,740.5623435974121,637.0761179924011,0.3440769612789154
55,Right Ankle,730.1927375793457,638.1427788734436,0.8841995596885681
56,Nose,1160.5192565917969,644.0997934341431,0.9925042390823364
56,Left Eye,1170.4232025146484,640.5803275108337,0.9906308650970459
56,Right Eye,1170.8885192871094,639.5342659950256,0.988386869430542
56,Left Ear,1171.439094543457,638.3655095100403,0.9916698336601257
56,Right Ear,1170.5728912353516,640.7420969009399,0.9914627075195312
56,Left Shoulder,1125.1396179199219,598.2371091842651,0.9893355965614319
56,Right Shoulder,1125.65185546875,602.813708782196,0.9977501630783081
56,Left Elbow,1080.1008224487305,615.8810448646545,0.03275372460484505
56,Right Elbow,1084.8005676269531,627.8662705421448,0.9059855341911316
56,Left Wrist,1080.512924194336,634.4281339645386,0.02691149152815342
56,Right Wrist,1150.5742263793945,639.5677399635315,0.8173732757568359
56,Left Hip,971.7696762084961,618.1682181358337,0.9913591146469116
56,Right Hip,969.3192672729492,620.6269454956055,0.9910349249839783
56,Left Knee,858.4225273132324,641.2172341346741,0.23346059024333954
56,Right Knee,852.3566436767578,644.5924401283264,0.8316771984100342
56,Left Ankle,740.5251502990723,637.1905732154846,0.34519341588020325
56,Right Ankle,730.177059173584,638.1634426116943,0.8857647180557251
57,Nose,1160.1808547973633,644.146785736084,0.9926949143409729
57,Left Eye,1170.1452255249023,640.6156039237976,0.9909237623214722
57,Right Eye,1170.629768371582,639.5697999000549,0.9887104034423828
57,Left Ear,1171.2038040161133,638.3981466293335,0.9919501543045044
57,Right Ear,1170.3210067749023,640.7515597343445,0.9917498230934143
57,Left Shoulder,1124.5951080322266,598.1728649139404,0.9893808960914612
57,Right Shoulder,1125.6493377685547,602.9134225845337,0.9977179765701294
57,Left Elbow,1080.3155136108398,616.3364839553833,0.03371038660407066
57,Right Elbow,1084.8276901245117,627.9979133605957,0.9036778211593628
57,Left Wrist,1084.0748977661133,632.8897476196289,0.026898285374045372
57,Right Wrist,1150.539207458496,639.5116710662842,0.8124946355819702
57,Left Hip,971.7015838623047,618.1742691993713,0.9913625121116638
57,Right Hip,969.3071365356445,620.6868767738342,0.9910476207733154
57,Left Knee,858.145694732666,641.2248945236206,0.234344482421875
57,Right Knee,852.2816276550293,644.5428085327148,0.8314247131347656
57,Left Ankle,740.5377960205078,637.1848440170288,0.34755784273147583
57,Right Ankle,730.2325630187988,638.1238532066345,0.8860703706741333
